,Houses,Activity,Occurred,Average Duration,Avg Duration Dev Std,Avg Duration Dev Std (min),Average occurred (days)
0,HH101,Bathe,59,00:08:09,301004.3928,00:05:01,0.97
1,HH101,Bed_Toilet_Transition,17,00:09:38,270147.9692,00:04:30,0.28
2,HH101,Cook,13,00:10:10,227438.9784,00:03:47,0.21
3,HH101,Cook_Breakfast,79,00:09:44,283421.0016,00:04:43,1.3
4,HH101,Cook_Dinner,41,00:09:04,305545.1124,00:05:05,0.67
5,HH101,Cook_Lunch,18,00:07:33,255534.3835,00:04:15,0.3
6,HH101,Dress,139,00:08:26,280445.3043,00:04:40,2.28
7,HH101,Eat,13,00:08:57,308476.703,00:05:08,0.21
8,HH101,Eat_Breakfast,58,00:08:01,259890.1699,00:04:19,0.95
9,HH101,Eat_Dinner,22,00:09:22,331991.6841,00:05:31,0.36
10,HH101,Eat_Lunch,14,00:09:16,316821.8721,00:05:16,0.23
11,HH101,Enter_Home,216,00:07:54,291747.8659,00:04:51,3.54
12,HH101,Entertain_Guests,5,00:09:20,226665.0014,00:03:46,0.08
13,HH101,Evening_Meds,55,00:08:49,289089.1415,00:04:49,0.9
14,HH101,Groom,24,00:08:43,256373.7415,00:04:16,0.39
15,HH101,Leave_Home,216,00:08:32,281119.7611,00:04:41,3.54
16,HH101,Morning_Meds,56,00:09:15,292027.4279,00:04:52,0.92
17,HH101,Personal_Hygiene,154,00:08:55,273152.1655,00:04:33,2.52
18,HH101,Phone,37,00:09:21,319574.3513,00:05:19,0.61
19,HH101,Read,53,00:08:58,296960.4635,00:04:56,0.87
20,HH101,Relax,92,00:08:16,291048.3216,00:04:51,1.51
21,HH101,Sleep,79,00:08:24,296907.3498,00:04:56,1.3
22,HH101,Sleep_Out_Of_Bed,205,00:08:09,298171.4927,00:04:58,3.36
23,HH101,Toilet,352,00:08:06,296286.8058,00:04:56,5.77
24,HH101,Wash_Breakfast_Dishes,47,00:07:40,313596.5423,00:05:13,0.77
25,HH101,Wash_Dinner_Dishes,18,00:09:01,290776.1748,00:04:50,0.3
26,HH101,Wash_Dishes,31,00:07:19,286131.639,00:04:46,0.51
27,HH101,Wash_Lunch_Dishes,10,00:06:50,275294.1355,00:04:35,0.16
28,HH101,Watch_TV,333,00:07:49,298456.3472,00:04:58,5.46
29,HH101,Work_At_Table,3,00:11:21,229833.1155,00:03:49,0.05
30,HH102,Bathe,36,00:07:40,286678.6011,00:04:46,0.59
31,HH102,Bed_Toilet_Transition,50,00:08:17,266899.1407,00:04:26,0.82
32,HH102,Cook,78,00:08:16,265649.9815,00:04:25,1.28
33,HH102,Cook_Breakfast,46,00:08:01,276241.8147,00:04:36,0.75
34,HH102,Cook_Dinner,97,00:08:44,271459.4633,00:04:31,1.59
35,HH102,Cook_Lunch,27,00:09:15,265817.4883,00:04:25,0.44
36,HH102,Dress,117,00:08:09,285347.838,00:04:45,1.92
37,HH102,Eat,14,00:09:22,294748.5492,00:04:54,0.23
38,HH102,Eat_Breakfast,29,00:08:12,304142.1867,00:05:04,0.48
39,HH102,Eat_Dinner,47,00:09:28,298428.229,00:04:58,0.77
40,HH102,Eat_Lunch,20,00:07:56,293809.8459,00:04:53,0.33
41,HH102,Entertain_Guests,15,00:05:59,308810.7748,00:05:08,0.25
42,HH102,Groom,108,00:08:43,281714.4606,00:04:41,1.77
43,HH102,Leave_Home,1,00:11:11,0.0,00:00:00,0.02
44,HH102,Morning_Meds,31,00:08:11,305352.5732,00:05:05,0.51
45,HH102,Personal_Hygiene,169,00:07:50,295783.3746,00:04:55,2.77
46,HH102,Read,126,00:08:31,281096.8669,00:04:41,2.07
47,HH102,Relax,170,00:07:48,299405.9399,00:04:59,2.79
48,HH102,Sleep,165,00:08:59,306425.0467,00:05:06,2.7
49,HH102,Sleep_Out_Of_Bed,28,00:08:29,290208.1758,00:04:50,0.46
50,HH102,Take_Medicine,24,00:09:10,334167.2236,00:05:34,0.39
51,HH102,Toilet,256,00:08:51,302714.0053,00:05:02,4.2
52,HH102,Wash_Breakfast_Dishes,28,00:07:11,304303.3614,00:05:04,0.46
53,HH102,Wash_Dinner_Dishes,60,00:07:58,273764.9662,00:04:33,0.98
54,HH102,Wash_Dishes,10,00:06:01,229934.9916,00:03:49,0.16
55,HH102,Wash_Lunch_Dishes,19,00:08:15,221451.7598,00:03:41,0.31
56,HH102,Watch_TV,41,00:08:47,293455.3549,00:04:53,0.67
57,HH102,Work,235,00:07:48,292954.2423,00:04:52,3.85
58,HH102,Work_At_Table,40,00:08:05,293690.1247,00:04:53,0.66
59,HH103,Bathe,23,00:08:17,271259.9934,00:04:31,0.4
60,HH103,Bed_Toilet_Transition,115,00:08:12,289621.2723,00:04:49,2.02
61,HH103,Cook,5,00:09:28,297491.0886,00:04:57,0.09
62,HH103,Cook_Breakfast,53,00:07:34,278586.3399,00:04:38,0.93
63,HH103,Cook_Dinner,104,00:08:26,289379.622,00:04:49,1.82
64,HH103,Cook_Lunch,59,00:09:16,328090.6183,00:05:28,1.04
65,HH103,Dress,103,00:08:40,290579.0754,00:04:50,1.81
66,HH103,Eat_Breakfast,46,00:08:27,244779.9507,00:04:04,0.81
67,HH103,Eat_Dinner,90,00:08:30,265659.3517,00:04:25,1.58
68,HH103,Eat_Lunch,50,00:07:26,295036.4659,00:04:55,0.88
69,HH103,Enter_Home,165,00:07:50,309202.0295,00:05:09,2.89
70,HH103,Evening_Meds,38,00:07:46,284798.9687,00:04:44,0.67
71,HH103,Exercise,2,00:13:29,156688.0,00:02:36,0.04
72,HH103,Leave_Home,166,00:08:46,303521.3784,00:05:03,2.91
73,HH103,Morning_Meds,36,00:08:13,287670.8291,00:04:47,0.63
74,HH103,Personal_Hygiene,211,00:08:21,294840.2776,00:04:54,3.7
75,HH103,Phone,30,00:09:11,272349.8525,00:04:32,0.53
76,HH103,Read,20,00:08:26,345988.4183,00:05:45,0.35
77,HH103,Relax,24,00:07:56,284836.2723,00:04:44,0.42
78,HH103,Sleep,173,00:08:20,285204.8835,00:04:45,3.04
79,HH103,Sleep_Out_Of_Bed,14,00:07:08,264152.1544,00:04:24,0.25
80,HH103,Toilet,380,00:08:24,292589.0506,00:04:52,6.67
81,HH103,Wash_Breakfast_Dishes,41,00:08:10,297252.61,00:04:57,0.72
82,HH103,Wash_Dinner_Dishes,47,00:09:01,258379.1027,00:04:18,0.82
83,HH103,Wash_Dishes,2,00:01:54,105462.5,00:01:45,0.04
84,HH103,Wash_Lunch_Dishes,54,00:09:23,259889.8823,00:04:19,0.95
85,HH103,Watch_TV,134,00:08:05,307685.3278,00:05:07,2.35
86,HH103,Work_At_Table,33,00:07:44,298450.5014,00:04:58,0.58
87,HH104,Bathe,21,00:10:03,230286.2308,00:03:50,0.35
88,HH104,Bed_Toilet_Transition,274,00:08:18,293296.6005,00:04:53,4.57
89,HH104,Cook,73,00:09:10,288271.4394,00:04:48,1.22
90,HH104,Cook_Breakfast,69,00:08:13,297350.4206,00:04:57,1.15
91,HH104,Cook_Dinner,72,00:09:18,273398.8797,00:04:33,1.2
92,HH104,Cook_Lunch,37,00:09:42,276916.4842,00:04:36,0.62
93,HH104,Dress,77,00:08:41,269950.7852,00:04:29,1.28
94,HH104,Eat,40,00:08:27,288759.31,00:04:48,0.67
95,HH104,Eat_Breakfast,58,00:09:01,309240.3488,00:05:09,0.97
96,HH104,Eat_Dinner,39,00:07:57,250853.1645,00:04:10,0.65
97,HH104,Eat_Lunch,40,00:09:28,273379.0634,00:04:33,0.67
98,HH104,Enter_Home,110,00:08:16,298118.296,00:04:58,1.83
99,HH104,Entertain_Guests,13,00:06:51,304491.7904,00:05:04,0.22
100,HH104,Evening_Meds,41,00:08:22,295255.1124,00:04:55,0.68
101,HH104,Groom,38,00:07:17,287581.2125,00:04:47,0.63
102,HH104,Leave_Home,109,00:08:25,294618.2005,00:04:54,1.82
103,HH104,Morning_Meds,55,00:08:22,251739.2869,00:04:11,0.92
104,HH104,Personal_Hygiene,177,00:08:25,283080.9574,00:04:43,2.95
105,HH104,Phone,13,00:10:03,182895.8795,00:03:02,0.22
106,HH104,Relax,66,00:09:05,248318.998,00:04:08,1.1
107,HH104,Sleep,453,00:08:25,294293.893,00:04:54,7.55
108,HH104,Sleep_Out_Of_Bed,24,00:08:12,356094.1416,00:05:56,0.4
109,HH104,Take_Medicine,12,00:07:37,273717.2139,00:04:33,0.2
110,HH104,Toilet,373,00:08:45,295118.3258,00:04:55,6.22
111,HH104,Wash_Breakfast_Dishes,47,00:09:24,269628.9167,00:04:29,0.78
112,HH104,Wash_Dinner_Dishes,21,00:07:34,291616.3195,00:04:51,0.35
113,HH104,Wash_Dishes,37,00:06:37,306731.0321,00:05:06,0.62
114,HH104,Wash_Lunch_Dishes,13,00:07:49,311002.9226,00:05:11,0.22
115,HH104,Watch_TV,342,00:08:22,296762.1607,00:04:56,5.7
116,HH104,Work,67,00:08:58,294905.7597,00:04:54,1.12
117,HH104,Work_At_Table,12,00:07:39,300627.0348,00:05:00,0.2
118,HH104,Work_On_Computer,324,00:08:14,280690.964,00:04:40,5.4
119,HH105,Bathe,17,00:06:55,223891.0704,00:03:43,0.28
120,HH105,Bed_Toilet_Transition,44,00:08:48,271464.5177,00:04:31,0.73
121,HH105,Cook,82,00:08:52,305376.5896,00:05:05,1.37
122,HH105,Cook_Breakfast,59,00:07:43,298834.9289,00:04:58,0.98
123,HH105,Cook_Dinner,38,00:09:03,233417.8666,00:03:53,0.63
124,HH105,Cook_Lunch,37,00:08:08,275588.6742,00:04:35,0.62
125,HH105,Dress,91,00:07:46,281714.2028,00:04:41,1.52
126,HH105,Eat,30,00:09:33,321322.1942,00:05:21,0.5
127,HH105,Eat_Breakfast,27,00:08:21,304304.7434,00:05:04,0.45
128,HH105,Eat_Dinner,18,00:07:52,279459.8598,00:04:39,0.3
129,HH105,Eat_Lunch,25,00:09:17,224213.6254,00:03:44,0.42
130,HH105,Enter_Home,130,00:08:26,294039.4055,00:04:54,2.17
131,HH105,Entertain_Guests,2,00:13:14,125391.0,00:02:05,0.03
132,HH105,Evening_Meds,19,00:08:02,276963.9204,00:04:36,0.32
133,HH105,Groom,14,00:07:05,295165.0208,00:04:55,0.23
134,HH105,Leave_Home,130,00:08:10,266440.3071,00:04:26,2.17
135,HH105,Morning_Meds,32,00:07:26,292220.1956,00:04:52,0.53
136,HH105,Personal_Hygiene,99,00:08:51,276621.5609,00:04:36,1.65
137,HH105,Phone,45,00:08:22,253534.0365,00:04:13,0.75
138,HH105,Relax,115,00:07:44,286031.6788,00:04:46,1.92
139,HH105,Sleep,77,00:08:51,279914.3358,00:04:39,1.28
140,HH105,Sleep_Out_Of_Bed,38,00:06:20,294514.5757,00:04:54,0.63
141,HH105,Toilet,242,00:09:04,296494.9494,00:04:56,4.03
142,HH105,Wash_Breakfast_Dishes,19,00:08:36,318079.3324,00:05:18,0.32
143,HH105,Wash_Dinner_Dishes,16,00:08:26,340370.4268,00:05:40,0.27
144,HH105,Wash_Dishes,58,00:07:47,288184.684,00:04:48,0.97
145,HH105,Wash_Lunch_Dishes,25,00:08:16,317816.234,00:05:17,0.42
146,HH105,Watch_TV,78,00:08:29,282542.9274,00:04:42,1.3
147,HH105,Work,24,00:07:16,291715.3989,00:04:51,0.4
148,HH105,Work_At_Table,87,00:08:37,293351.5299,00:04:53,1.45
149,HH106,Bathe,44,00:07:55,288813.3807,00:04:48,0.72
150,HH106,Bed_Toilet_Transition,49,00:06:55,296907.8169,00:04:56,0.8
151,HH106,Cook,33,00:07:56,314953.4916,00:05:14,0.54
152,HH106,Cook_Breakfast,48,00:08:46,263383.1315,00:04:23,0.79
153,HH106,Cook_Dinner,79,00:08:19,295344.5216,00:04:55,1.3
154,HH106,Cook_Lunch,62,00:08:18,323133.4481,00:05:23,1.02
155,HH106,Dress,119,00:08:16,292702.8001,00:04:52,1.95
156,HH106,Eat,36,00:07:11,244820.2914,00:04:04,0.59
157,HH106,Eat_Breakfast,52,00:08:59,321176.8626,00:05:21,0.85
158,HH106,Eat_Dinner,42,00:08:25,265037.9709,00:04:25,0.69
159,HH106,Eat_Lunch,49,00:08:25,274612.3452,00:04:34,0.8
160,HH106,Enter_Home,146,00:08:15,302626.5376,00:05:02,2.39
161,HH106,Entertain_Guests,16,00:09:08,294761.2102,00:04:54,0.26
162,HH106,Evening_Meds,14,00:08:26,204534.1184,00:03:24,0.23
163,HH106,Groom,62,00:07:55,295263.1828,00:04:55,1.02
164,HH106,Leave_Home,234,00:08:13,290935.4444,00:04:50,3.84
165,HH106,Morning_Meds,32,00:08:47,313124.3867,00:05:13,0.52
166,HH106,Personal_Hygiene,462,00:08:04,291209.8298,00:04:51,7.57
167,HH106,Phone,55,00:08:51,282823.3964,00:04:42,0.9
168,HH106,Read,82,00:08:29,293994.6876,00:04:53,1.34
169,HH106,Relax,19,00:10:24,267641.6773,00:04:27,0.31
170,HH106,Sleep,106,00:08:24,287038.7081,00:04:47,1.74
171,HH106,Sleep_Out_Of_Bed,7,00:06:28,205785.3785,00:03:25,0.11
172,HH106,Take_Medicine,60,00:08:01,300494.3119,00:05:00,0.98
173,HH106,Toilet,173,00:07:58,294098.2483,00:04:54,2.84
174,HH106,Wash_Breakfast_Dishes,43,00:08:17,306998.8704,00:05:06,0.7
175,HH106,Wash_Dinner_Dishes,30,00:08:08,253278.264,00:04:13,0.49
176,HH106,Wash_Dishes,30,00:06:33,253040.6855,00:04:13,0.49
177,HH106,Wash_Lunch_Dishes,39,00:08:16,256824.0318,00:04:16,0.64
178,HH106,Watch_TV,129,00:08:45,284540.8074,00:04:44,2.11
179,HH106,Work,7,00:09:09,314234.9483,00:05:14,0.11
180,HH106,Work_At_Table,37,00:08:02,306792.1561,00:05:06,0.61
181,HH106,Work_On_Computer,258,00:08:16,293601.0099,00:04:53,4.23
182,HH108,Bathe,57,00:07:06,280841.9694,00:04:40,0.95
183,HH108,Bed_Toilet_Transition,83,00:08:25,294654.2874,00:04:54,1.38
184,HH108,Cook,40,00:08:36,274327.2552,00:04:34,0.67
185,HH108,Cook_Breakfast,169,00:07:59,283938.4884,00:04:43,2.82
186,HH108,Cook_Dinner,148,00:08:11,275058.1195,00:04:35,2.47
187,HH108,Cook_Lunch,90,00:08:58,282828.9021,00:04:42,1.5
188,HH108,Dress,173,00:08:20,266727.1896,00:04:26,2.88
189,HH108,Eat,23,00:09:12,298239.1294,00:04:58,0.38
190,HH108,Eat_Breakfast,77,00:07:58,281322.8546,00:04:41,1.28
191,HH108,Eat_Dinner,46,00:08:30,302810.9139,00:05:02,0.77
192,HH108,Eat_Lunch,42,00:08:59,311122.4924,00:05:11,0.7
193,HH108,Enter_Home,254,00:08:02,295459.6765,00:04:55,4.23
194,HH108,Entertain_Guests,18,00:07:38,213470.3555,00:03:33,0.3
195,HH108,Evening_Meds,22,00:07:53,257569.8394,00:04:17,0.37
196,HH108,Groom,100,00:08:10,301764.7054,00:05:01,1.67
197,HH108,Leave_Home,255,00:08:00,297330.0253,00:04:57,4.25
198,HH108,Morning_Meds,30,00:09:12,285139.8326,00:04:45,0.5
199,HH108,Personal_Hygiene,269,00:08:07,293051.0429,00:04:53,4.48
200,HH108,Phone,163,00:08:44,285328.6533,00:04:45,2.72
201,HH108,Read,52,00:08:54,266109.6285,00:04:26,0.87
202,HH108,Relax,224,00:08:38,290267.9812,00:04:50,3.73
203,HH108,Sleep,162,00:08:26,276445.0141,00:04:36,2.7
204,HH108,Sleep_Out_Of_Bed,37,00:07:55,271506.4324,00:04:31,0.62
205,HH108,Toilet,537,00:08:20,284724.4309,00:04:44,8.95
206,HH108,Wash_Breakfast_Dishes,126,00:07:34,290538.9525,00:04:50,2.1
207,HH108,Wash_Dinner_Dishes,72,00:08:16,262813.0928,00:04:22,1.2
208,HH108,Wash_Dishes,64,00:07:36,287237.5035,00:04:47,1.07
209,HH108,Wash_Lunch_Dishes,50,00:07:55,296415.1109,00:04:56,0.83
210,HH108,Watch_TV,156,00:08:03,290581.1304,00:04:50,2.6
211,HH108,Work_At_Table,106,00:07:44,280763.4218,00:04:40,1.77
212,HH108,Work_On_Computer,183,00:08:42,282709.1714,00:04:42,3.05
213,HH109,Bathe,22,00:08:25,335037.0378,00:05:35,0.37
214,HH109,Bed_Toilet_Transition,91,00:08:03,284686.3269,00:04:44,1.52
215,HH109,Cook,25,00:09:22,284708.3318,00:04:44,0.42
216,HH109,Cook_Breakfast,86,00:09:25,290448.9641,00:04:50,1.43
217,HH109,Cook_Dinner,214,00:08:49,294329.0722,00:04:54,3.57
218,HH109,Cook_Lunch,90,00:08:26,294122.9806,00:04:54,1.5
219,HH109,Dress,191,00:08:40,293798.4953,00:04:53,3.18
220,HH109,Eat,17,00:09:32,325645.1679,00:05:25,0.28
221,HH109,Eat_Breakfast,73,00:08:54,292406.0199,00:04:52,1.22
222,HH109,Eat_Dinner,111,00:08:43,290445.6677,00:04:50,1.85
223,HH109,Eat_Lunch,68,00:09:00,263159.9286,00:04:23,1.13
224,HH109,Enter_Home,412,00:08:27,286132.042,00:04:46,6.87
225,HH109,Entertain_Guests,14,00:06:32,270151.0458,00:04:30,0.23
226,HH109,Evening_Meds,56,00:08:58,273809.2202,00:04:33,0.93
227,HH109,Groom,30,00:07:28,312575.8977,00:05:12,0.5
228,HH109,Leave_Home,413,00:08:26,282736.2725,00:04:42,6.88
229,HH109,Morning_Meds,61,00:08:07,283791.6081,00:04:43,1.02
230,HH109,Personal_Hygiene,188,00:08:34,290915.2583,00:04:50,3.13
231,HH109,Phone,20,00:06:11,268150.5415,00:04:28,0.33
232,HH109,Read,40,00:08:05,259696.1829,00:04:19,0.67
233,HH109,Relax,52,00:08:54,283049.147,00:04:43,0.87
234,HH109,Sleep,152,00:07:50,293367.3426,00:04:53,2.53
235,HH109,Sleep_Out_Of_Bed,109,00:08:54,298521.6829,00:04:58,1.82
236,HH109,Take_Medicine,88,00:07:07,284937.1545,00:04:44,1.47
237,HH109,Toilet,469,00:08:33,290512.1605,00:04:50,7.82
238,HH109,Wash_Breakfast_Dishes,62,00:08:43,280204.7552,00:04:40,1.03
239,HH109,Wash_Dinner_Dishes,69,00:08:02,273944.8496,00:04:33,1.15
240,HH109,Wash_Dishes,28,00:09:12,265837.1222,00:04:25,0.47
241,HH109,Wash_Lunch_Dishes,47,00:08:00,288069.3475,00:04:48,0.78
242,HH109,Watch_TV,67,00:08:40,295675.2452,00:04:55,1.12
243,HH109,Work,88,00:08:44,288117.4308,00:04:48,1.47
244,HH109,Work_At_Table,306,00:08:15,294706.4284,00:04:54,5.1
245,HH110,Bathe,23,00:08:43,297378.1116,00:04:57,0.77
246,HH110,Bed_Toilet_Transition,68,00:07:57,312863.4627,00:05:12,2.27
247,HH110,Cook_Breakfast,25,00:08:03,261534.1092,00:04:21,0.83
248,HH110,Cook_Dinner,2,00:10:22,24479.0,00:00:24,0.07
249,HH110,Dress,26,00:08:43,310318.057,00:05:10,0.87
250,HH110,Drink,1,00:06:51,0.0,00:00:00,0.03
251,HH110,Eat_Breakfast,25,00:06:31,274245.9606,00:04:34,0.83
252,HH110,Eat_Dinner,3,00:07:53,357340.0158,00:05:57,0.1
253,HH110,Evening_Meds,25,00:08:52,241516.1024,00:04:01,0.83
254,HH110,Groom,22,00:08:18,323279.8489,00:05:23,0.73
255,HH110,Morning_Meds,26,00:08:59,347368.7064,00:05:47,0.87
256,HH110,Personal_Hygiene,25,00:07:15,259015.6691,00:04:19,0.83
257,HH110,Read,20,00:09:01,331130.5665,00:05:31,0.67
258,HH110,Relax,91,00:08:43,278520.0099,00:04:38,3.03
259,HH110,Sleep,99,00:08:23,306981.0578,00:05:06,3.3
260,HH110,Sleep_Out_Of_Bed,11,00:07:09,240803.4651,00:04:00,0.37
261,HH110,Take_Medicine,44,00:08:16,266372.875,00:04:26,1.47
262,HH110,Toilet,133,00:08:38,302568.1661,00:05:02,4.43
263,HH110,Wash_Breakfast_Dishes,21,00:08:13,315062.0116,00:05:15,0.7
264,HH110,Wash_Dinner_Dishes,1,00:04:11,0.0,00:00:00,0.03
265,HH110,Work,1,00:06:41,0.0,00:00:00,0.03
266,HH110,Work_At_Table,77,00:09:05,339238.4708,00:05:39,2.57
267,HH110,Work_On_Computer,83,00:08:33,299266.6806,00:04:59,2.77
268,HH111,Bathe,34,00:07:08,262984.6824,00:04:22,0.57
269,HH111,Bed_Toilet_Transition,43,00:08:20,289734.5359,00:04:49,0.72
270,HH111,Cook,5,00:05:58,299019.9684,00:04:59,0.08
271,HH111,Cook_Breakfast,55,00:07:13,299182.9872,00:04:59,0.92
272,HH111,Cook_Dinner,75,00:08:02,307095.1922,00:05:07,1.25
273,HH111,Cook_Lunch,32,00:08:02,312637.5414,00:05:12,0.53
274,HH111,Dress,134,00:08:09,281532.1158,00:04:41,2.23
275,HH111,Eat,5,00:08:37,304278.2556,00:05:04,0.08
276,HH111,Eat_Breakfast,37,00:07:54,312669.2346,00:05:12,0.62
277,HH111,Eat_Dinner,27,00:08:00,308480.3078,00:05:08,0.45
278,HH111,Eat_Lunch,20,00:08:26,286050.6224,00:04:46,0.33
279,HH111,Enter_Home,171,00:08:08,300029.9855,00:05:00,2.85
280,HH111,Entertain_Guests,38,00:06:42,294651.899,00:04:54,0.63
281,HH111,Evening_Meds,36,00:07:43,280808.666,00:04:40,0.6
282,HH111,Groom,8,00:09:48,301188.2148,00:05:01,0.13
283,HH111,Leave_Home,176,00:08:24,313681.0743,00:05:13,2.93
284,HH111,Morning_Meds,29,00:08:30,298138.0453,00:04:58,0.48
285,HH111,Personal_Hygiene,93,00:08:04,298764.4225,00:04:58,1.55
286,HH111,Phone,11,00:09:08,277667.3048,00:04:37,0.18
287,HH111,Read,84,00:07:41,278165.6805,00:04:38,1.4
288,HH111,Relax,4,00:05:34,266075.9592,00:04:26,0.07
289,HH111,Sleep,105,00:08:58,290492.6072,00:04:50,1.75
290,HH111,Sleep_Out_Of_Bed,1,00:15:05,0.0,00:00:00,0.02
291,HH111,Toilet,263,00:08:30,288479.7624,00:04:48,4.38
292,HH111,Wash_Breakfast_Dishes,31,00:07:31,274191.103,00:04:34,0.52
293,HH111,Wash_Dinner_Dishes,35,00:06:55,248946.3092,00:04:08,0.58
294,HH111,Wash_Dishes,10,00:07:10,333936.3798,00:05:33,0.17
295,HH111,Wash_Lunch_Dishes,20,00:08:12,286702.9388,00:04:46,0.33
296,HH111,Watch_TV,119,00:08:10,295831.0029,00:04:55,1.98
297,HH111,Work,17,00:08:25,258546.8827,00:04:18,0.28
298,HH111,Work_At_Desk,26,00:07:23,281863.8424,00:04:41,0.43
299,HH111,Work_At_Table,8,00:07:05,268594.1965,00:04:28,0.13
300,HH111,Work_On_Computer,349,00:08:24,290019.4439,00:04:50,5.82
301,HH112,Bathe,48,00:08:46,294373.4591,00:04:54,0.45
302,HH112,Bed_Toilet_Transition,104,00:08:58,282601.5786,00:04:42,0.97
303,HH112,Cook,40,00:08:18,312360.8337,00:05:12,0.37
304,HH112,Cook_Breakfast,137,00:07:56,289781.5174,00:04:49,1.28
305,HH112,Cook_Dinner,195,00:08:09,306495.4717,00:05:06,1.82
306,HH112,Cook_Lunch,82,00:08:05,311239.9962,00:05:11,0.77
307,HH112,Dress,232,00:08:36,294204.2321,00:04:54,2.17
308,HH112,Eat,20,00:09:07,305811.7177,00:05:05,0.19
309,HH112,Eat_Breakfast,50,00:09:43,282876.6628,00:04:42,0.47
310,HH112,Eat_Dinner,76,00:08:20,281624.8308,00:04:41,0.71
311,HH112,Eat_Lunch,33,00:06:07,309908.4253,00:05:09,0.31
312,HH112,Enter_Home,255,00:08:24,284702.5262,00:04:44,2.38
313,HH112,Entertain_Guests,12,00:08:48,247358.1124,00:04:07,0.11
314,HH112,Leave_Home,259,00:07:56,302113.6898,00:05:02,2.42
315,HH112,Morning_Meds,51,00:08:27,314546.5451,00:05:14,0.48
316,HH112,Personal_Hygiene,263,00:08:07,293485.1231,00:04:53,2.46
317,HH112,Phone,116,00:08:09,291019.6252,00:04:51,1.08
318,HH112,Read,94,00:08:27,279037.101,00:04:39,0.88
319,HH112,Relax,50,00:07:30,269037.9011,00:04:29,0.47
320,HH112,Sleep,289,00:08:26,289813.7591,00:04:49,2.7
321,HH112,Sleep_Out_Of_Bed,142,00:08:06,281124.3567,00:04:41,1.33
322,HH112,Take_Medicine,5,00:07:28,361223.9124,00:06:01,0.05
323,HH112,Toilet,681,00:08:32,291747.5959,00:04:51,6.36
324,HH112,Wash_Breakfast_Dishes,43,00:08:39,323362.4725,00:05:23,0.4
325,HH112,Wash_Dinner_Dishes,81,00:08:20,301730.5199,00:05:01,0.76
326,HH112,Wash_Dishes,66,00:08:10,258457.8552,00:04:18,0.62
327,HH112,Wash_Lunch_Dishes,38,00:08:48,281546.3373,00:04:41,0.36
328,HH112,Watch_TV,227,00:08:05,292571.3683,00:04:52,2.12
329,HH112,Work_At_Table,65,00:08:42,302498.7231,00:05:02,0.61
330,HH112,Work_On_Computer,591,00:08:30,293179.5719,00:04:53,5.52
331,HH113,Bathe,485,00:07:55,283303.1323,00:04:43,0.95
332,HH113,Bed_Toilet_Transition,159,00:08:04,294885.9435,00:04:54,0.31
333,HH113,Cook,17,00:08:44,311779.7184,00:05:11,0.03
334,HH113,Cook_Breakfast,1657,00:08:13,286963.6791,00:04:46,3.26
335,HH113,Cook_Dinner,34,00:08:56,296509.8826,00:04:56,0.07
336,HH113,Cook_Lunch,70,00:08:22,309497.5304,00:05:09,0.14
337,HH113,Dress,1034,00:08:13,288893.9304,00:04:48,2.03
338,HH113,Eat,14,00:07:31,296723.6216,00:04:56,0.03
339,HH113,Eat_Breakfast,732,00:08:09,296690.7008,00:04:56,1.44
340,HH113,Eat_Dinner,28,00:09:01,288929.8707,00:04:48,0.06
341,HH113,Eat_Lunch,62,00:08:45,279248.1097,00:04:39,0.12
342,HH113,Enter_Home,1708,00:08:37,294149.8262,00:04:54,3.36
343,HH113,Entertain_Guests,422,00:08:24,296054.5106,00:04:56,0.83
344,HH113,Evening_Meds,466,00:08:23,295793.7401,00:04:55,0.92
345,HH113,Groom,839,00:08:28,289252.7179,00:04:49,1.65
346,HH113,Leave_Home,1712,00:08:21,295725.1166,00:04:55,3.36
347,HH113,Morning_Meds,413,00:08:07,286827.1433,00:04:46,0.81
348,HH113,Personal_Hygiene,1894,00:08:21,294797.5249,00:04:54,3.72
349,HH113,Phone,1669,00:08:20,293070.5782,00:04:53,3.28
350,HH113,Read,251,00:08:27,279998.8912,00:04:39,0.49
351,HH113,Relax,798,00:08:13,301018.1745,00:05:01,1.57
352,HH113,Sleep,1020,00:08:15,297796.7381,00:04:57,2.0
353,HH113,Sleep_Out_Of_Bed,19,00:09:20,255961.8957,00:04:15,0.04
354,HH113,Toilet,2640,00:08:26,292523.9067,00:04:52,5.19
355,HH113,Wash_Breakfast_Dishes,574,00:08:21,278788.2581,00:04:38,1.13
356,HH113,Wash_Dinner_Dishes,6,00:09:09,221810.0088,00:03:41,0.01
357,HH113,Wash_Dishes,942,00:08:14,290206.5735,00:04:50,1.85
358,HH113,Wash_Lunch_Dishes,27,00:05:32,268206.6446,00:04:28,0.05
359,HH113,Watch_TV,276,00:08:31,285786.4917,00:04:45,0.54
360,HH113,Work,84,00:08:17,297348.3394,00:04:57,0.17
361,HH113,Work_At_Table,570,00:08:25,298055.2553,00:04:58,1.12
362,HH113,Work_On_Computer,1483,00:08:08,285127.1586,00:04:45,2.91
363,HH114,Bathe,5,00:06:35,122949.6335,00:02:02,0.17
364,HH114,Bed_Toilet_Transition,8,00:05:55,255237.4732,00:04:15,0.27
365,HH114,Cook,38,00:08:07,259782.0717,00:04:19,1.27
366,HH114,Cook_Breakfast,99,00:08:50,270440.3831,00:04:30,3.3
367,HH114,Cook_Dinner,64,00:07:49,286028.1078,00:04:46,2.13
368,HH114,Cook_Lunch,24,00:07:58,244034.9582,00:04:04,0.8
369,HH114,Dress,111,00:07:51,268817.8938,00:04:28,3.7
370,HH114,Drink,109,00:08:28,289130.2806,00:04:49,3.63
371,HH114,Eat,7,00:09:49,269821.4154,00:04:29,0.23
372,HH114,Eat_Breakfast,39,00:07:35,284342.1609,00:04:44,1.3
373,HH114,Eat_Dinner,19,00:07:03,252669.2039,00:04:12,0.63
374,HH114,Eat_Lunch,11,00:04:39,211777.4091,00:03:31,0.37
375,HH114,Enter_Home,69,00:06:55,310890.8241,00:05:10,2.3
376,HH114,Entertain_Guests,13,00:07:35,320229.8711,00:05:20,0.43
377,HH114,Evening_Meds,25,00:08:24,285065.024,00:04:45,0.83
378,HH114,Groom,36,00:09:39,279354.663,00:04:39,1.2
379,HH114,Leave_Home,66,00:08:40,287322.9849,00:04:47,2.2
380,HH114,Morning_Meds,23,00:07:18,318320.4433,00:05:18,0.77
381,HH114,Personal_Hygiene,96,00:09:08,297189.0549,00:04:57,3.2
382,HH114,Phone,33,00:09:44,288708.122,00:04:48,1.1
383,HH114,Read,26,00:08:04,293394.6847,00:04:53,0.87
384,HH114,Relax,26,00:09:36,242463.3297,00:04:02,0.87
385,HH114,Sleep,74,00:08:07,271114.373,00:04:31,2.47
386,HH114,Sleep_Out_Of_Bed,29,00:08:04,283225.7588,00:04:43,0.97
387,HH114,Step_Out,46,00:08:18,286917.9348,00:04:46,1.53
388,HH114,Take_Medicine,23,00:08:38,286913.3408,00:04:46,0.77
389,HH114,Toilet,152,00:08:38,287310.0522,00:04:47,5.07
390,HH114,Wash_Breakfast_Dishes,37,00:08:06,273827.4562,00:04:33,1.23
391,HH114,Wash_Dinner_Dishes,21,00:08:34,301092.5776,00:05:01,0.7
392,HH114,Wash_Dishes,83,00:09:18,269925.3195,00:04:29,2.77
393,HH114,Wash_Lunch_Dishes,5,00:09:31,208478.2031,00:03:28,0.17
394,HH114,Watch_TV,64,00:07:35,279092.6321,00:04:39,2.13
395,HH114,Work_At_Table,71,00:08:11,274283.0692,00:04:34,2.37
396,HH114,Work_On_Computer,140,00:07:15,283083.1832,00:04:43,4.67
397,HH116,Bathe,24,00:08:05,305082.9136,00:05:05,0.39
398,HH116,Bed_Toilet_Transition,79,00:08:31,270297.8554,00:04:30,1.3
399,HH116,Cook,44,00:09:34,265245.6285,00:04:25,0.72
400,HH116,Cook_Breakfast,21,00:07:47,322417.2737,00:05:22,0.34
401,HH116,Cook_Dinner,49,00:08:13,294710.1446,00:04:54,0.8
402,HH116,Cook_Lunch,43,00:08:07,311563.8368,00:05:11,0.7
403,HH116,Dress,71,00:07:57,284450.4857,00:04:44,1.16
404,HH116,Eat,25,00:09:01,254730.1947,00:04:14,0.41
405,HH116,Eat_Breakfast,15,00:08:07,299262.9312,00:04:59,0.25
406,HH116,Eat_Dinner,12,00:08:44,340360.0664,00:05:40,0.2
407,HH116,Eat_Lunch,14,00:09:12,315296.1618,00:05:15,0.23
408,HH116,Enter_Home,168,00:08:18,304224.0272,00:05:04,2.75
409,HH116,Entertain_Guests,150,00:08:14,296775.212,00:04:56,2.46
410,HH116,Evening_Meds,24,00:07:17,240409.0434,00:04:00,0.39
411,HH116,Groom,5,00:09:21,268204.0912,00:04:28,0.08
412,HH116,Leave_Home,169,00:08:26,273265.2923,00:04:33,2.77
413,HH116,Morning_Meds,8,00:05:41,327309.0382,00:05:27,0.13
414,HH116,Personal_Hygiene,224,00:08:03,294305.0546,00:04:54,3.67
415,HH116,Phone,22,00:08:45,271213.2044,00:04:31,0.36
416,HH116,Read,7,00:09:05,268340.8875,00:04:28,0.11
417,HH116,Relax,14,00:06:37,286121.1936,00:04:46,0.23
418,HH116,Sleep,100,00:07:34,285808.5098,00:04:45,1.64
419,HH116,Sleep_Out_Of_Bed,60,00:08:24,263715.5343,00:04:23,0.98
420,HH116,Take_Medicine,11,00:09:38,263820.6269,00:04:23,0.18
421,HH116,Toilet,223,00:08:29,288285.5409,00:04:48,3.66
422,HH116,Wash_Breakfast_Dishes,39,00:08:21,268055.9007,00:04:28,0.64
423,HH116,Wash_Dinner_Dishes,34,00:08:00,286693.233,00:04:46,0.56
424,HH116,Wash_Dishes,93,00:07:50,307514.6125,00:05:07,1.52
425,HH116,Wash_Lunch_Dishes,20,00:09:01,303449.8439,00:05:03,0.33
426,HH116,Watch_TV,19,00:07:19,296350.8393,00:04:56,0.31
427,HH116,Work_At_Table,22,00:08:00,255157.7226,00:04:15,0.36
428,HH116,Work_On_Computer,26,00:07:38,293449.1091,00:04:53,0.43
429,HH117,Bathe,35,00:08:27,278324.1507,00:04:38,0.1
430,HH117,Bed_Toilet_Transition,293,00:08:13,288762.2754,00:04:48,0.85
431,HH117,Cook,32,00:08:16,343026.9606,00:05:43,0.09
432,HH117,Cook_Breakfast,47,00:08:23,292239.2081,00:04:52,0.14
433,HH117,Cook_Dinner,200,00:08:35,291505.2031,00:04:51,0.58
434,HH117,Cook_Lunch,138,00:07:48,291939.3535,00:04:51,0.4
435,HH117,Dress,508,00:08:10,305120.3887,00:05:05,1.47
436,HH117,Eat,92,00:08:25,312801.6046,00:05:12,0.27
437,HH117,Eat_Breakfast,12,00:06:49,325090.4316,00:05:25,0.03
438,HH117,Eat_Dinner,58,00:07:54,306753.7648,00:05:06,0.17
439,HH117,Eat_Lunch,48,00:08:13,285865.9338,00:04:45,0.14
440,HH117,Enter_Home,992,00:08:22,295967.5553,00:04:55,2.88
441,HH117,Entertain_Guests,320,00:08:15,307428.0852,00:05:07,0.93
442,HH117,Evening_Meds,186,00:07:56,290301.4962,00:04:50,0.54
443,HH117,Groom,277,00:08:27,297183.234,00:04:57,0.8
444,HH117,Leave_Home,993,00:08:14,293698.0579,00:04:53,2.88
445,HH117,Morning_Meds,125,00:08:43,284903.7999,00:04:44,0.36
446,HH117,Personal_Hygiene,877,00:08:39,290752.051,00:04:50,2.54
447,HH117,Phone,135,00:08:09,279404.7558,00:04:39,0.39
448,HH117,Relax,49,00:09:03,275642.9153,00:04:35,0.14
449,HH117,Sleep,664,00:08:27,292589.4846,00:04:52,1.92
450,HH117,Sleep_Out_Of_Bed,161,00:08:18,288513.8744,00:04:48,0.47
451,HH117,Toilet,889,00:08:22,297262.5882,00:04:57,2.58
452,HH117,Wash_Breakfast_Dishes,12,00:08:52,245312.0597,00:04:05,0.03
453,HH117,Wash_Dinner_Dishes,118,00:08:44,289750.6165,00:04:49,0.34
454,HH117,Wash_Dishes,195,00:07:50,276333.8906,00:04:36,0.57
455,HH117,Wash_Lunch_Dishes,59,00:07:27,283318.3896,00:04:43,0.17
456,HH117,Watch_TV,980,00:08:33,289622.9791,00:04:49,2.84
457,HH117,Work,95,00:08:38,291246.1403,00:04:51,0.28
458,HH117,Work_At_Table,1,00:13:54,0.0,00:00:00,0.0
459,HH117,Work_On_Computer,448,00:08:23,287625.7491,00:04:47,1.3
460,HH118,Bathe,6,00:11:21,152608.1189,00:02:32,0.2
461,HH118,Bed_Toilet_Transition,33,00:08:35,288688.0069,00:04:48,1.1
462,HH118,Cook,18,00:08:55,309900.7165,00:05:09,0.6
463,HH118,Cook_Breakfast,53,00:07:57,309697.4956,00:05:09,1.77
464,HH118,Cook_Dinner,62,00:09:06,263916.6307,00:04:23,2.07
465,HH118,Cook_Lunch,23,00:08:57,263183.289,00:04:23,0.77
466,HH118,Dress,35,00:07:48,336246.2879,00:05:36,1.17
467,HH118,Eat_Breakfast,28,00:07:30,268267.7176,00:04:28,0.93
468,HH118,Eat_Dinner,27,00:07:22,320760.0658,00:05:20,0.9
469,HH118,Eat_Lunch,14,00:11:31,272708.7836,00:04:32,0.47
470,HH118,Enter_Home,1,00:02:36,0.0,00:00:00,0.03
471,HH118,Evening_Meds,27,00:09:55,257391.1736,00:04:17,0.9
472,HH118,Groom,36,00:08:14,297206.5196,00:04:57,1.2
473,HH118,Housekeeping,35,00:08:47,314978.745,00:05:14,1.17
474,HH118,Leave_Home,5,00:04:29,209915.21,00:03:29,0.17
475,HH118,Morning_Meds,31,00:08:15,335753.49,00:05:35,1.03
476,HH118,Personal_Hygiene,31,00:08:10,299306.8182,00:04:59,1.03
477,HH118,Phone,12,00:05:54,273560.1303,00:04:33,0.4
478,HH118,Read,42,00:08:10,313692.0756,00:05:13,1.4
479,HH118,Sleep,64,00:08:29,275265.6034,00:04:35,2.13
480,HH118,Take_Medicine,17,00:09:19,268861.4222,00:04:28,0.57
481,HH118,Toilet,229,00:08:23,301879.126,00:05:01,7.63
482,HH118,Wash_Breakfast_Dishes,41,00:08:23,279412.2604,00:04:39,1.37
483,HH118,Wash_Dinner_Dishes,36,00:06:43,303934.0902,00:05:03,1.2
484,HH118,Wash_Dishes,6,00:09:39,276359.4206,00:04:36,0.2
485,HH118,Wash_Lunch_Dishes,15,00:07:27,357543.4924,00:05:57,0.5
486,HH118,Watch_TV,56,00:07:56,297963.5077,00:04:57,1.87
487,HH118,Work,212,00:08:07,276648.8729,00:04:36,7.07
488,HH118,Work_At_Table,304,00:08:49,287412.8429,00:04:47,10.13
489,HH118,Work_On_Computer,106,00:08:50,291455.777,00:04:51,3.53
490,HH119,Bathe,15,00:07:45,192588.1462,00:03:12,0.5
491,HH119,Bed_Toilet_Transition,80,00:08:41,302959.3346,00:05:02,2.67
492,HH119,Cook,57,00:09:36,274666.109,00:04:34,1.9
493,HH119,Cook_Breakfast,2,00:04:49,101133.5,00:01:41,0.07
494,HH119,Cook_Dinner,64,00:07:44,272199.9811,00:04:32,2.13
495,HH119,Cook_Lunch,40,00:08:48,281453.8867,00:04:41,1.33
496,HH119,Dress,155,00:08:44,309617.5867,00:05:09,5.17
497,HH119,Drink,74,00:08:46,306301.8998,00:05:06,2.47
498,HH119,Eat,14,00:07:44,355626.139,00:05:55,0.47
499,HH119,Eat_Dinner,14,00:08:09,319995.0031,00:05:19,0.47
500,HH119,Eat_Lunch,15,00:08:43,250866.8801,00:04:10,0.5
501,HH119,Enter_Home,85,00:08:56,301746.2197,00:05:01,2.83
502,HH119,Entertain_Guests,6,00:09:38,297035.2656,00:04:57,0.2
503,HH119,Evening_Meds,25,00:07:43,285618.182,00:04:45,0.83
504,HH119,Groom,64,00:08:32,295794.1516,00:04:55,2.13
505,HH119,Leave_Home,85,00:09:00,280849.1317,00:04:40,2.83
506,HH119,Morning_Meds,29,00:09:00,268187.5308,00:04:28,0.97
507,HH119,Personal_Hygiene,228,00:08:23,295223.2918,00:04:55,7.6
508,HH119,Phone,32,00:08:14,289513.205,00:04:49,1.07
509,HH119,Read,4,00:11:03,343387.0267,00:05:43,0.13
510,HH119,Relax,21,00:07:43,326848.5517,00:05:26,0.7
511,HH119,Sleep,107,00:07:54,298513.3408,00:04:58,3.57
512,HH119,Sleep_Out_Of_Bed,15,00:09:35,266691.3087,00:04:26,0.5
513,HH119,Step_Out,32,00:09:49,267309.1452,00:04:27,1.07
514,HH119,Toilet,228,00:07:58,282387.2459,00:04:42,7.6
515,HH119,Wash_Dinner_Dishes,18,00:08:33,283906.1343,00:04:43,0.6
516,HH119,Wash_Dishes,14,00:07:50,236682.6771,00:03:56,0.47
517,HH119,Wash_Lunch_Dishes,12,00:07:36,281750.8911,00:04:41,0.4
518,HH119,Watch_TV,33,00:08:35,285789.5828,00:04:45,1.1
519,HH119,Work_At_Table,11,00:08:06,260546.0823,00:04:20,0.37
520,HH119,Work_On_Computer,146,00:08:31,288680.8439,00:04:48,4.87
521,HH120,Bathe,36,00:08:37,293971.1024,00:04:53,0.57
522,HH120,Bed_Toilet_Transition,117,00:08:11,285209.6429,00:04:45,1.86
523,HH120,Cook,19,00:08:12,294828.9106,00:04:54,0.3
524,HH120,Cook_Breakfast,17,00:09:01,297227.708,00:04:57,0.27
525,HH120,Cook_Dinner,19,00:09:22,275100.0937,00:04:35,0.3
526,HH120,Cook_Lunch,13,00:06:45,287398.9311,00:04:47,0.21
527,HH120,Dress,153,00:08:28,304669.9706,00:05:04,2.43
528,HH120,Eat,12,00:08:37,280160.9763,00:04:40,0.19
529,HH120,Eat_Breakfast,14,00:08:16,295606.9314,00:04:55,0.22
530,HH120,Eat_Dinner,13,00:08:38,278600.4082,00:04:38,0.21
531,HH120,Eat_Lunch,10,00:10:00,206048.2662,00:03:26,0.16
532,HH120,Enter_Home,206,00:08:14,302103.33,00:05:02,3.27
533,HH120,Entertain_Guests,57,00:07:50,277343.1792,00:04:37,0.9
534,HH120,Evening_Meds,37,00:09:04,286152.4239,00:04:46,0.59
535,HH120,Groom,8,00:09:32,369217.4096,00:06:09,0.13
536,HH120,Leave_Home,199,00:08:11,273320.0497,00:04:33,3.16
537,HH120,Morning_Meds,43,00:06:53,263569.7306,00:04:23,0.68
538,HH120,Personal_Hygiene,161,00:08:37,272961.4282,00:04:32,2.56
539,HH120,Phone,5,00:04:42,170012.7835,00:02:50,0.08
540,HH120,Read,27,00:08:20,300813.7505,00:05:00,0.43
541,HH120,Relax,28,00:08:24,326889.7584,00:05:26,0.44
542,HH120,Sleep,235,00:08:15,280881.8154,00:04:40,3.73
543,HH120,Sleep_Out_Of_Bed,7,00:10:01,308649.6257,00:05:08,0.11
544,HH120,Take_Medicine,86,00:07:47,290200.8853,00:04:50,1.37
545,HH120,Toilet,319,00:08:05,299672.0901,00:04:59,5.06
546,HH120,Wash_Breakfast_Dishes,9,00:10:31,276943.7473,00:04:36,0.14
547,HH120,Wash_Dinner_Dishes,5,00:06:49,245463.0801,00:04:05,0.08
548,HH120,Wash_Dishes,26,00:06:44,263093.263,00:04:23,0.41
549,HH120,Wash_Lunch_Dishes,4,00:12:48,167372.4966,00:02:47,0.06
550,HH120,Watch_TV,190,00:08:02,282253.1285,00:04:42,3.02
551,HH120,Work_At_Table,18,00:07:43,302484.286,00:05:02,0.29
552,HH120,Work_On_Computer,187,00:08:15,287155.2606,00:04:47,2.97
553,HH122,Bathe,20,00:08:25,338058.2227,00:05:38,0.69
554,HH122,Bed_Toilet_Transition,67,00:07:51,299429.8742,00:04:59,2.31
555,HH122,Cook,4,00:07:20,179567.0425,00:02:59,0.14
556,HH122,Cook_Breakfast,42,00:10:09,275386.7755,00:04:35,1.45
557,HH122,Cook_Dinner,31,00:07:19,290540.8272,00:04:50,1.07
558,HH122,Cook_Lunch,9,00:07:06,256119.2758,00:04:16,0.31
559,HH122,Dress,41,00:09:50,292427.7607,00:04:52,1.41
560,HH122,Eat,5,00:06:26,262318.6045,00:04:22,0.17
561,HH122,Eat_Breakfast,27,00:11:11,296328.3738,00:04:56,0.93
562,HH122,Eat_Dinner,15,00:06:52,334273.7757,00:05:34,0.52
563,HH122,Eat_Lunch,5,00:09:10,294884.1609,00:04:54,0.17
564,HH122,Enter_Home,76,00:07:42,307385.7316,00:05:07,2.62
565,HH122,Entertain_Guests,23,00:07:23,291933.0944,00:04:51,0.79
566,HH122,Evening_Meds,21,00:07:17,275393.8554,00:04:35,0.72
567,HH122,Groom,72,00:07:04,278978.9816,00:04:38,2.48
568,HH122,Leave_Home,76,00:08:32,302523.7224,00:05:02,2.62
569,HH122,Morning_Meds,21,00:08:24,304410.7425,00:05:04,0.72
570,HH122,Personal_Hygiene,118,00:07:58,293164.7503,00:04:53,4.07
571,HH122,Phone,4,00:11:05,263686.1156,00:04:23,0.14
572,HH122,Read,10,00:07:40,351552.641,00:05:51,0.34
573,HH122,Relax,21,00:08:33,304102.6673,00:05:04,0.72
574,HH122,Sleep,124,00:08:17,281880.4294,00:04:41,4.28
575,HH122,Sleep_Out_Of_Bed,2,00:14:28,73582.0,00:01:13,0.07
576,HH122,Toilet,186,00:08:28,295251.6371,00:04:55,6.41
577,HH122,Wash_Breakfast_Dishes,28,00:08:02,273425.4478,00:04:33,0.97
578,HH122,Wash_Dinner_Dishes,29,00:08:51,313153.3437,00:05:13,1.0
579,HH122,Wash_Dishes,21,00:09:33,325335.8075,00:05:25,0.72
580,HH122,Wash_Lunch_Dishes,8,00:06:38,330417.9528,00:05:30,0.28
581,HH122,Watch_TV,93,00:08:39,278501.3058,00:04:38,3.21
582,HH122,Work,12,00:06:56,301856.7541,00:05:01,0.41
583,HH122,Work_At_Table,10,00:09:22,291044.3485,00:04:51,0.34
584,HH122,Work_On_Computer,147,00:08:27,273551.6377,00:04:33,5.07
585,HH123,Bathe,11,00:07:14,259795.9125,00:04:19,0.37
586,HH123,Bed_Toilet_Transition,26,00:10:13,273106.7118,00:04:33,0.87
587,HH123,Cook,2,00:07:49,313134.5,00:05:13,0.07
588,HH123,Cook_Breakfast,37,00:07:03,285246.0623,00:04:45,1.23
589,HH123,Cook_Dinner,62,00:09:27,315002.0963,00:05:15,2.07
590,HH123,Cook_Lunch,11,00:07:10,253575.3348,00:04:13,0.37
591,HH123,Dress,85,00:08:03,249006.6832,00:04:09,2.83
592,HH123,Eat,1,00:00:53,0.0,00:00:00,0.03
593,HH123,Eat_Breakfast,24,00:09:23,278765.1162,00:04:38,0.8
594,HH123,Eat_Dinner,28,00:08:55,315553.1329,00:05:15,0.93
595,HH123,Eat_Lunch,6,00:09:16,254236.5522,00:04:14,0.2
596,HH123,Enter_Home,100,00:09:15,273030.7547,00:04:33,3.33
597,HH123,Entertain_Guests,7,00:07:46,252240.3932,00:04:12,0.23
598,HH123,Evening_Meds,32,00:07:57,265068.5045,00:04:25,1.07
599,HH123,Groom,34,00:08:56,311308.3012,00:05:11,1.13
600,HH123,Leave_Home,100,00:08:22,295464.5557,00:04:55,3.33
601,HH123,Morning_Meds,25,00:08:40,281472.5728,00:04:41,0.83
602,HH123,Personal_Hygiene,52,00:08:34,266746.2164,00:04:26,1.73
603,HH123,Phone,47,00:09:32,299170.4654,00:04:59,1.57
604,HH123,Read,3,00:10:11,163283.7769,00:02:43,0.1
605,HH123,Relax,15,00:09:00,219796.0376,00:03:39,0.5
606,HH123,Sleep,91,00:08:34,292592.0252,00:04:52,3.03
607,HH123,Sleep_Out_Of_Bed,1,00:00:34,0.0,00:00:00,0.03
608,HH123,Toilet,102,00:08:14,292691.5372,00:04:52,3.4
609,HH123,Wash_Breakfast_Dishes,17,00:08:16,300224.8561,00:05:00,0.57
610,HH123,Wash_Dinner_Dishes,47,00:08:20,283334.8542,00:04:43,1.57
611,HH123,Wash_Dishes,45,00:08:32,306403.1171,00:05:06,1.5
612,HH123,Wash_Lunch_Dishes,7,00:07:30,216547.8919,00:03:36,0.23
613,HH123,Watch_TV,157,00:08:18,278797.0402,00:04:38,5.23
614,HH123,Work_At_Table,1,00:14:48,0.0,00:00:00,0.03
615,HH124,Bed_Toilet_Transition,9,00:07:40,331810.912,00:05:31,0.15
616,HH124,Cook_Dinner,3,00:02:40,81306.9347,00:01:21,0.05
617,HH124,Dress,2,00:03:00,157963.0,00:02:37,0.03
618,HH124,Eat_Breakfast,1,00:10:46,0.0,00:00:00,0.02
619,HH124,Eat_Dinner,3,00:06:23,123184.7293,00:02:03,0.05
620,HH124,Enter_Home,44,00:08:04,275493.5271,00:04:35,0.73
621,HH124,Entertain_Guests,8,00:07:03,278807.3666,00:04:38,0.13
622,HH124,Groom,3,00:09:07,286477.7556,00:04:46,0.05
623,HH124,Leave_Home,45,00:08:49,265089.3392,00:04:25,0.75
624,HH124,Personal_Hygiene,1,00:06:39,0.0,00:00:00,0.02
625,HH124,Phone,3,00:07:46,336868.7771,00:05:36,0.05
626,HH124,Sleep,12,00:09:41,293370.098,00:04:53,0.2
627,HH124,Sleep_Out_Of_Bed,2,00:08:47,345486.5,00:05:45,0.03
628,HH124,Toilet,17,00:09:27,307128.3334,00:05:07,0.28
629,HH124,Wash_Breakfast_Dishes,1,00:15:20,0.0,00:00:00,0.02
630,HH124,Wash_Dinner_Dishes,1,00:00:01,0.0,00:00:00,0.02
631,HH124,Wash_Dishes,2,00:09:01,86367.0,00:01:26,0.03
632,HH124,Watch_TV,4,00:03:06,226339.772,00:03:46,0.07
633,HH124,Work,1,00:07:30,0.0,00:00:00,0.02
634,HH124,Work_At_Table,1,00:11:39,0.0,00:00:00,0.02
635,HH124,Work_On_Computer,4,00:09:33,378144.5517,00:06:18,0.07
636,HH125,Bathe,25,00:08:31,253661.607,00:04:13,0.42
637,HH125,Bed_Toilet_Transition,29,00:07:17,233331.8746,00:03:53,0.48
638,HH125,Cook,19,00:08:09,277758.0035,00:04:37,0.32
639,HH125,Cook_Breakfast,78,00:08:33,294625.1356,00:04:54,1.3
640,HH125,Cook_Dinner,234,00:07:46,290540.8121,00:04:50,3.9
641,HH125,Cook_Lunch,65,00:08:55,277389.7652,00:04:37,1.08
642,HH125,Dress,212,00:07:53,287352.5528,00:04:47,3.53
643,HH125,Drink,153,00:08:23,284375.8183,00:04:44,2.55
644,HH125,Eat,5,00:09:41,265589.4232,00:04:25,0.08
645,HH125,Eat_Breakfast,11,00:06:44,318748.2218,00:05:18,0.18
646,HH125,Eat_Dinner,10,00:07:28,328796.1716,00:05:28,0.17
647,HH125,Eat_Lunch,8,00:06:48,269103.6048,00:04:29,0.13
648,HH125,Enter_Home,234,00:08:06,291254.2502,00:04:51,3.9
649,HH125,Entertain_Guests,21,00:08:19,292661.4957,00:04:52,0.35
650,HH125,Evening_Meds,53,00:08:24,289414.9781,00:04:49,0.88
651,HH125,Groom,197,00:08:40,302915.1966,00:05:02,3.28
652,HH125,Leave_Home,235,00:08:10,289231.787,00:04:49,3.92
653,HH125,Morning_Meds,51,00:08:20,319198.5594,00:05:19,0.85
654,HH125,Personal_Hygiene,219,00:08:09,274030.637,00:04:34,3.65
655,HH125,Phone,57,00:09:04,243732.6799,00:04:03,0.95
656,HH125,Read,19,00:07:24,315943.2495,00:05:15,0.32
657,HH125,Relax,9,00:09:35,337155.7534,00:05:37,0.15
658,HH125,Sleep,95,00:08:03,279426.3806,00:04:39,1.58
659,HH125,Sleep_Out_Of_Bed,83,00:08:28,295376.5333,00:04:55,1.38
660,HH125,Step_Out,33,00:08:56,306894.6095,00:05:06,0.55
661,HH125,Take_Medicine,35,00:07:18,281178.0233,00:04:41,0.58
662,HH125,Toilet,258,00:08:06,285895.7188,00:04:45,4.3
663,HH125,Wash_Breakfast_Dishes,66,00:08:01,283038.8277,00:04:43,1.1
664,HH125,Wash_Dinner_Dishes,100,00:08:13,280043.3498,00:04:40,1.67
665,HH125,Wash_Dishes,154,00:08:30,300527.7419,00:05:00,2.57
666,HH125,Wash_Lunch_Dishes,28,00:06:58,297093.3777,00:04:57,0.47
667,HH125,Watch_TV,218,00:08:21,272212.3699,00:04:32,3.63
668,HH125,Work,28,00:09:09,296258.9329,00:04:56,0.47
669,HH125,Work_On_Computer,189,00:08:09,300297.031,00:05:00,3.15
670,HH126,Bathe,9,00:06:18,242880.6573,00:04:02,0.25
671,HH126,Bed_Toilet_Transition,26,00:08:27,265761.4165,00:04:25,0.72
672,HH126,Cook,5,00:09:07,307302.2938,00:05:07,0.14
673,HH126,Cook_Breakfast,75,00:09:15,321033.3471,00:05:21,2.08
674,HH126,Cook_Dinner,57,00:06:42,259235.8605,00:04:19,1.58
675,HH126,Cook_Lunch,51,00:08:41,296732.7417,00:04:56,1.42
676,HH126,Dress,158,00:08:42,286835.2608,00:04:46,4.39
677,HH126,Drink,123,00:08:10,277715.0367,00:04:37,3.42
678,HH126,Eat,2,00:05:03,268334.0,00:04:28,0.06
679,HH126,Eat_Breakfast,35,00:08:19,287554.4908,00:04:47,0.97
680,HH126,Eat_Dinner,14,00:09:51,301766.0002,00:05:01,0.39
681,HH126,Eat_Lunch,15,00:09:45,287794.2157,00:04:47,0.42
682,HH126,Enter_Home,166,00:07:47,283719.0882,00:04:43,4.61
683,HH126,Entertain_Guests,6,00:09:06,351167.2264,00:05:51,0.17
684,HH126,Evening_Meds,23,00:08:33,306054.2809,00:05:06,0.64
685,HH126,Groom,93,00:08:14,274323.6576,00:04:34,2.58
686,HH126,Leave_Home,166,00:08:48,279242.1352,00:04:39,4.61
687,HH126,Morning_Meds,12,00:08:04,231731.8353,00:03:51,0.33
688,HH126,Personal_Hygiene,134,00:08:21,292648.9634,00:04:52,3.72
689,HH126,Phone,39,00:09:30,282323.0966,00:04:42,1.08
690,HH126,Read,73,00:07:51,282544.2382,00:04:42,2.03
691,HH126,Relax,5,00:08:13,283581.6915,00:04:43,0.14
692,HH126,Sleep,83,00:08:32,320865.2734,00:05:20,2.31
693,HH126,Sleep_Out_Of_Bed,3,00:09:21,151359.0245,00:02:31,0.08
694,HH126,Step_Out,25,00:08:21,320168.6654,00:05:20,0.69
695,HH126,Toilet,235,00:08:16,295192.8095,00:04:55,6.53
696,HH126,Wash_Breakfast_Dishes,20,00:07:58,288195.3495,00:04:48,0.56
697,HH126,Wash_Dinner_Dishes,9,00:07:49,316130.6234,00:05:16,0.25
698,HH126,Wash_Dishes,27,00:07:11,267758.5175,00:04:27,0.75
699,HH126,Wash_Lunch_Dishes,11,00:09:46,258440.6121,00:04:18,0.31
700,HH126,Watch_TV,188,00:08:08,279568.5139,00:04:39,5.22
701,HH126,Work_On_Computer,140,00:08:37,288723.5885,00:04:48,3.89
702,HH127,Bathe,21,00:08:44,232891.2692,00:03:52,0.81
703,HH127,Bed_Toilet_Transition,10,00:10:54,270880.4814,00:04:30,0.38
704,HH127,Cook,19,00:08:01,300271.1929,00:05:00,0.73
705,HH127,Cook_Breakfast,32,00:09:19,256704.2182,00:04:16,1.23
706,HH127,Cook_Dinner,64,00:07:53,287806.447,00:04:47,2.46
707,HH127,Cook_Lunch,48,00:08:42,289588.1107,00:04:49,1.85
708,HH127,Dress,203,00:09:06,277787.1956,00:04:37,7.81
709,HH127,Drink,31,00:07:52,263549.7367,00:04:23,1.19
710,HH127,Eat,6,00:07:35,239002.3988,00:03:59,0.23
711,HH127,Eat_Breakfast,13,00:08:11,263455.5971,00:04:23,0.5
712,HH127,Eat_Dinner,1,00:07:11,0.0,00:00:00,0.04
713,HH127,Eat_Lunch,3,00:06:13,235437.2862,00:03:55,0.12
714,HH127,Enter_Home,83,00:07:46,282555.6725,00:04:42,3.19
715,HH127,Groom,33,00:07:57,265093.5386,00:04:25,1.27
716,HH127,Leave_Home,90,00:08:39,257296.4402,00:04:17,3.46
717,HH127,Personal_Hygiene,230,00:09:02,286921.1253,00:04:46,8.85
718,HH127,Phone,55,00:08:50,314513.4386,00:05:14,2.12
719,HH127,Read,45,00:08:54,316740.7046,00:05:16,1.73
720,HH127,Relax,26,00:10:26,264924.6223,00:04:24,1.0
721,HH127,Sleep,47,00:08:27,298283.4141,00:04:58,1.81
722,HH127,Sleep_Out_Of_Bed,11,00:10:40,240713.2871,00:04:00,0.42
723,HH127,Step_Out,17,00:08:39,362057.6569,00:06:02,0.65
724,HH127,Toilet,35,00:08:03,303347.0034,00:05:03,1.35
725,HH127,Wash_Breakfast_Dishes,31,00:08:59,275813.946,00:04:35,1.19
726,HH127,Wash_Dinner_Dishes,29,00:07:55,262506.9174,00:04:22,1.12
727,HH127,Wash_Dishes,25,00:09:20,285818.6752,00:04:45,0.96
728,HH127,Wash_Lunch_Dishes,25,00:07:39,271720.7242,00:04:31,0.96
729,HH127,Watch_TV,245,00:08:35,298197.8033,00:04:58,9.42
730,HH127,Work_At_Table,14,00:06:22,211393.137,00:03:31,0.54
731,HH128,Bed_Toilet_Transition,33,00:09:27,284025.4591,00:04:44,0.55
732,HH128,Cook,10,00:09:58,321142.7514,00:05:21,0.17
733,HH128,Cook_Breakfast,245,00:08:17,289727.8585,00:04:49,4.08
734,HH128,Cook_Dinner,161,00:07:59,295595.0141,00:04:55,2.68
735,HH128,Cook_Lunch,56,00:07:29,280976.7113,00:04:40,0.93
736,HH128,Dress,350,00:08:45,300997.8231,00:05:00,5.83
737,HH128,Drink,338,00:08:41,298647.6792,00:04:58,5.63
738,HH128,Eat,4,00:08:32,283583.4267,00:04:43,0.07
739,HH128,Eat_Breakfast,86,00:08:25,274612.0922,00:04:34,1.43
740,HH128,Eat_Dinner,29,00:09:35,282191.9082,00:04:42,0.48
741,HH128,Eat_Lunch,21,00:07:23,293821.9536,00:04:53,0.35
742,HH128,Enter_Home,253,00:08:09,289158.1749,00:04:49,4.22
743,HH128,Entertain_Guests,4,00:08:10,281076.1678,00:04:41,0.07
744,HH128,Evening_Meds,38,00:08:28,244083.554,00:04:04,0.63
745,HH128,Groom,17,00:07:15,267527.9384,00:04:27,0.28
746,HH128,Leave_Home,253,00:08:15,292990.7607,00:04:52,4.22
747,HH128,Morning_Meds,40,00:09:12,299528.9339,00:04:59,0.67
748,HH128,Personal_Hygiene,344,00:08:25,287219.9272,00:04:47,5.73
749,HH128,Phone,133,00:08:23,280731.2194,00:04:40,2.22
750,HH128,Read,111,00:08:17,285041.1183,00:04:45,1.85
751,HH128,Relax,42,00:07:44,294438.1775,00:04:54,0.7
752,HH128,Sleep,136,00:08:01,288396.1465,00:04:48,2.27
753,HH128,Step_Out,129,00:08:14,294191.8209,00:04:54,2.15
754,HH128,Take_Medicine,38,00:08:30,250686.2415,00:04:10,0.63
755,HH128,Toilet,277,00:07:53,282639.3294,00:04:42,4.62
756,HH128,Wash_Breakfast_Dishes,95,00:08:01,268487.329,00:04:28,1.58
757,HH128,Wash_Dinner_Dishes,68,00:07:53,275864.2239,00:04:35,1.13
758,HH128,Wash_Dishes,133,00:08:20,289519.1823,00:04:49,2.22
759,HH128,Wash_Lunch_Dishes,27,00:06:44,257430.9702,00:04:17,0.45
760,HH128,Watch_TV,392,00:08:17,286889.6286,00:04:46,6.53
761,HH128,Work_At_Table,474,00:08:09,292107.3466,00:04:52,7.9
762,HH129,Bed_Toilet_Transition,66,00:08:37,300960.0248,00:05:00,2.2
763,HH129,Cook,38,00:06:57,261302.3396,00:04:21,1.27
764,HH129,Cook_Breakfast,129,00:08:33,289273.6174,00:04:49,4.3
765,HH129,Cook_Dinner,91,00:08:54,288350.114,00:04:48,3.03
766,HH129,Cook_Lunch,56,00:09:25,303326.6727,00:05:03,1.87
767,HH129,Dress,66,00:08:39,288497.2432,00:04:48,2.2
768,HH129,Drink,112,00:09:00,295663.6878,00:04:55,3.73
769,HH129,Eat,12,00:06:41,231891.8586,00:03:51,0.4
770,HH129,Eat_Breakfast,21,00:08:21,276830.9504,00:04:36,0.7
771,HH129,Eat_Dinner,21,00:06:34,315375.079,00:05:15,0.7
772,HH129,Eat_Lunch,15,00:09:36,229043.939,00:03:49,0.5
773,HH129,Enter_Home,96,00:07:50,282039.1052,00:04:42,3.2
774,HH129,Entertain_Guests,3,00:12:02,178816.9135,00:02:58,0.1
775,HH129,Evening_Meds,13,00:08:26,261826.7536,00:04:21,0.43
776,HH129,Groom,4,00:02:55,60703.6179,00:01:00,0.13
777,HH129,Leave_Home,97,00:08:07,269585.8369,00:04:29,3.23
778,HH129,Morning_Meds,22,00:08:04,291918.9505,00:04:51,0.73
779,HH129,Personal_Hygiene,383,00:09:00,290058.0342,00:04:50,12.77
780,HH129,Phone,20,00:06:56,272940.162,00:04:32,0.67
781,HH129,Read,105,00:08:23,290429.4426,00:04:50,3.5
782,HH129,Relax,25,00:09:28,324432.7134,00:05:24,0.83
783,HH129,Sleep,145,00:09:00,297239.9859,00:04:57,4.83
784,HH129,Sleep_Out_Of_Bed,2,00:03:04,75168.0,00:01:15,0.07
785,HH129,Step_Out,42,00:08:45,314623.3087,00:05:14,1.4
786,HH129,Toilet,107,00:08:54,293815.8823,00:04:53,3.57
787,HH129,Wash_Breakfast_Dishes,53,00:08:10,310422.7751,00:05:10,1.77
788,HH129,Wash_Dinner_Dishes,22,00:07:23,241294.8628,00:04:01,0.73
789,HH129,Wash_Dishes,55,00:07:11,289010.865,00:04:49,1.83
790,HH129,Wash_Lunch_Dishes,28,00:09:02,272204.7576,00:04:32,0.93
791,HH129,Watch_TV,72,00:08:26,268307.7789,00:04:28,2.4
792,HH129,Work_At_Desk,7,00:11:43,198279.8273,00:03:18,0.23
793,HH129,Work_At_Table,1,00:06:53,0.0,00:00:00,0.03
794,HH130,Bathe,10,00:08:18,230108.9251,00:03:50,0.34
795,HH130,Bed_Toilet_Transition,53,00:08:31,266124.3454,00:04:26,1.83
796,HH130,Cook,5,00:11:16,144812.9594,00:02:24,0.17
797,HH130,Cook_Breakfast,1,00:08:09,0.0,00:00:00,0.03
798,HH130,Cook_Lunch,1,00:03:40,0.0,00:00:00,0.03
799,HH130,Dress,94,00:08:39,301917.1074,00:05:01,3.24
800,HH130,Eat,4,00:06:34,296465.1858,00:04:56,0.14
801,HH130,Eat_Breakfast,1,00:15:48,0.0,00:00:00,0.03
802,HH130,Eat_Lunch,1,00:16:32,0.0,00:00:00,0.03
803,HH130,Enter_Home,141,00:08:31,288353.3265,00:04:48,4.86
804,HH130,Entertain_Guests,103,00:09:21,295715.9023,00:04:55,3.55
805,HH130,Groom,48,00:08:08,255327.486,00:04:15,1.66
806,HH130,Leave_Home,138,00:08:04,302343.2658,00:05:02,4.76
807,HH130,Personal_Hygiene,173,00:07:47,289883.8546,00:04:49,5.97
808,HH130,Phone,82,00:08:28,286190.5922,00:04:46,2.83
809,HH130,Relax,20,00:07:46,320405.0929,00:05:20,0.69
810,HH130,Sleep,92,00:07:38,299994.2381,00:04:59,3.17
811,HH130,Sleep_Out_Of_Bed,22,00:09:24,267151.1998,00:04:27,0.76
812,HH130,Step_Out,12,00:09:20,301110.8559,00:05:01,0.41
813,HH130,Toilet,126,00:09:01,287923.1512,00:04:47,4.34
814,HH130,Wash_Dishes,2,00:05:52,71077.0,00:01:11,0.07
815,HH130,Watch_TV,274,00:08:01,281414.5341,00:04:41,9.45
816,HH130,Work,12,00:12:02,205744.7461,00:03:25,0.41
817,HH130,Work_At_Table,6,00:07:51,264942.3168,00:04:24,0.21
818,HH130,Work_On_Computer,63,00:07:11,241620.493,00:04:01,2.17
